{
    "portfolioData": [
    {
    "portfolioId": 10,
    "assets": [
    {
    "type": "Equity",
    "totalAllocatedvalue": 60,
    "subAssets": [
    {
    "subAssetClass": "US Equities",
    "ticker": "FLQL",
    "tickerName": "Franklin LibertyQ US Equity",
    "allocatedValue": 27.9,
    "tickerLink": "https://www.franklintempleton.com/investor/investments-and-solutions/investment-options/etfs/overview/25773/franklin-libertyq-us-equity-etf/FLQL"
    },
    {
    "subAssetClass": "US Small Cap Equities",
    "ticker": "VB",
    "tickerName": "Vanguard Small Cap",
    "allocatedValue": 3.2,
    "tickerLink": "https://www.etf.com/VB"
    },
    {
    "subAssetClass": "EAFE Equities",
    "ticker": "IEFA",
    "tickerName": "iShares Core MSCI EAFE",
    "allocatedValue": 20.9,
    "tickerLink": "https://www.etf.com/IEFA"
    },
    {
    "subAssetClass": "EM Equities",
    "ticker": "FLQE",
    "tickerName": "Franklin LibertyQ Emerging Markets",
    "allocatedValue": 6.3,
    "tickerLink": "https://www.franklintempleton.com/investor/investments-and-solutions/investment-options/etfs/overview/21413/franklin-libertyq-emerging-markets-etf/FLQE"
    },
    {
    "subAssetClass": "REITS",
    "ticker": "VNQ",
    "tickerName": "Vanguard Real Estate",
    "allocatedValue": 2,
    "tickerLink": "https://www.etf.com/VNQ"
    }
    ]
    },
    {
    "type": "Fixed Income",
    "totalAllocatedvalue": 40,
    "subAssets": [
    {
    "subAssetClass": "US Treasury",
    "ticker": "FTSD",
    "tickerName": "Franklin Liberty Short Duration US Govt",
    "allocatedValue": 14.8,
    "tickerLink": "https://www.franklintempleton.com/investor/investments-and-solutions/investment-options/etfs/overview/18000/franklin-liberty-short-duration-u-s-government-etf/FTSD"
    },
    {
    "subAssetClass": "US Corp",
    "ticker": "FLCO",
    "tickerName": "Franklin Liberty Investment Grade Corporate ",
    "allocatedValue": 14.5,
    "tickerLink": "https://www.franklintempleton.com/investor/investments-and-solutions/investment-options/etfs/overview/21558/franklin-liberty-investment-grade-corporate-etf/FLCO"
    },
    {
    "subAssetClass": "US HY",
    "ticker": "FLHY",
    "tickerName": "Franklin Liberty High Yield Corporate ",
    "allocatedValue": 0.5,
    "tickerLink": "https://www.franklintempleton.com/investor/investments-and-solutions/investment-options/etfs/overview/26729/franklin-liberty-high-yield-corporate-etf/FLHY"
    },
    {
    "subAssetClass": "US Muni",
    "ticker": "MUB",
    "tickerName": "iShares National Muni Bond",
    "allocatedValue": 8.5,
    "tickerLink": "https://www.ishares.com/us/products/239766/ishares-national-amtfree-muni-bond-etf"
    },
    {
    "subAssetClass": "EM Bonds",
    "ticker": "EMB",
    "tickerName": "iShares JP Morgan Emerging Mkts Bond",
    "allocatedValue": 1.5,
    "tickerLink": "https://www.ishares.com/us/products/239572/ishares-jp-morgan-usd-emerging-markets-bond-etf"
    }
    ]
    }
    ]
    },
    {
    "portfolioId": 11,
    "assets": [
    {
    "type": "Equity",
    "totalAllocatedvalue": 65,
    "subAssets": [
    {
    "subAssetClass": "US Equities",
    "ticker": "FLQL",
    "tickerName": "Franklin LibertyQ US Equity",
    "allocatedValue": 30.2,
    "tickerLink": "https://www.franklintempleton.com/investor/investments-and-solutions/investment-options/etfs/overview/25773/franklin-libertyq-us-equity-etf/FLQL"
    },
    {
    "subAssetClass": "US Small Cap Equities",
    "ticker": "VB",
    "tickerName": "Vanguard Small Cap",
    "allocatedValue": 3.4,
    "tickerLink": "https://www.etf.com/VB"
    },
    {
    "subAssetClass": "EAFE Equities",
    "ticker": "IEFA",
    "tickerName": "iShares Core MSCI EAFE",
    "allocatedValue": 22.7,
    "tickerLink": "https://www.etf.com/IEFA"
    },
    {
    "subAssetClass": "EM Equities",
    "ticker": "FLQE",
    "tickerName": "Franklin LibertyQ Emerging Markets",
    "allocatedValue": 6.8,
    "tickerLink": "https://www.franklintempleton.com/investor/investments-and-solutions/investment-options/etfs/overview/21413/franklin-libertyq-emerging-markets-etf/FLQE"
    },
    {
    "subAssetClass": "REITS",
    "ticker": "VNQ",
    "tickerName": "Vanguard Real Estate",
    "allocatedValue": 2.2,
    "tickerLink": "https://www.etf.com/VNQ"
    }
    ]
    },
    {
    "type": "Fixed Income",
    "totalAllocatedvalue": 35,
    "subAssets": [
    {
    "subAssetClass": "US Treasury",
    "ticker": "FTSD",
    "tickerName": "Franklin Liberty Short Duration US Govt",
    "allocatedValue": 12.5,
    "tickerLink": "https://www.franklintempleton.com/investor/investments-and-solutions/investment-options/etfs/overview/18000/franklin-liberty-short-duration-u-s-government-etf/FTSD"
    },
    {
    "subAssetClass": "US Corp",
    "ticker": "FLCO",
    "tickerName": "Franklin Liberty Investment Grade Corporate ",
    "allocatedValue": 13.1,
    "tickerLink": "https://www.franklintempleton.com/investor/investments-and-solutions/investment-options/etfs/overview/21558/franklin-liberty-investment-grade-corporate-etf/FLCO"
    },
    {
    "subAssetClass": "US HY",
    "ticker": "FLHY",
    "tickerName": "Franklin Liberty High Yield Corporate ",
    "allocatedValue": 0.3,
    "tickerLink": "https://www.franklintempleton.com/investor/investments-and-solutions/investment-options/etfs/overview/26729/franklin-liberty-high-yield-corporate-etf/FLHY"
    },
    {
    "subAssetClass": "US Muni",
    "ticker": "MUB",
    "tickerName": "iShares National Muni Bond",
    "allocatedValue": 7.7,
    "tickerLink": "https://www.ishares.com/us/products/239766/ishares-national-amtfree-muni-bond-etf"
    },
    {
    "subAssetClass": "EM Bonds",
    "ticker": "EMB",
    "tickerName": "iShares JP Morgan Emerging Mkts Bond",
    "allocatedValue": 1.1,
    "tickerLink": "https://www.ishares.com/us/products/239572/ishares-jp-morgan-usd-emerging-markets-bond-etf"
    }
    ]
    }
    ]
    },
    {
    "portfolioId": 12,
    "assets": [
    {
    "type": "Equity",
    "totalAllocatedvalue": 70,
    "subAssets": [
    {
    "subAssetClass": "US Equities",
    "ticker": "FLQL",
    "tickerName": "Franklin LibertyQ US Equity",
    "allocatedValue": 32.5,
    "tickerLink": "https://www.franklintempleton.com/investor/investments-and-solutions/investment-options/etfs/overview/25773/franklin-libertyq-us-equity-etf/FLQL"
    },
    {
    "subAssetClass": "US Small Cap Equities",
    "ticker": "VB",
    "tickerName": "Vanguard Small Cap",
    "allocatedValue": 3.6,
    "tickerLink": "https://www.etf.com/VB"
    },
    {
    "subAssetClass": "EAFE Equities",
    "ticker": "IEFA",
    "tickerName": "iShares Core MSCI EAFE",
    "allocatedValue": 24.5,
    "tickerLink": "https://www.etf.com/IEFA"
    },
    {
    "subAssetClass": "EM Equities",
    "ticker": "FLQE",
    "tickerName": "Franklin LibertyQ Emerging Markets",
    "allocatedValue": 7.2,
    "tickerLink": "https://www.franklintempleton.com/investor/investments-and-solutions/investment-options/etfs/overview/21413/franklin-libertyq-emerging-markets-etf/FLQE"
    },
    {
    "subAssetClass": "REITS",
    "ticker": "VNQ",
    "tickerName": "Vanguard Real Estate",
    "allocatedValue": 2.4,
    "tickerLink": "https://www.etf.com/VNQ"
    }
    ]
    },
    {
    "type": "Fixed Income",
    "totalAllocatedvalue": 30,
    "subAssets": [
    {
    "subAssetClass": "US Treasury",
    "ticker": "FTSD",
    "tickerName": "Franklin Liberty Short Duration US Govt",
    "allocatedValue": 12.3,
    "tickerLink": "https://www.franklintempleton.com/investor/investments-and-solutions/investment-options/etfs/overview/18000/franklin-liberty-short-duration-u-s-government-etf/FTSD"
    },
    {
    "subAssetClass": "US Corp",
    "ticker": "FLCO",
    "tickerName": "Franklin Liberty Investment Grade Corporate ",
    "allocatedValue": 10,
    "tickerLink": "https://www.franklintempleton.com/investor/investments-and-solutions/investment-options/etfs/overview/21558/franklin-liberty-investment-grade-corporate-etf/FLCO"
    },
    {
    "subAssetClass": "US HY",
    "ticker": "FLHY",
    "tickerName": "Franklin Liberty High Yield Corporate ",
    "allocatedValue": 0.6,
    "tickerLink": "https://www.franklintempleton.com/investor/investments-and-solutions/investment-options/etfs/overview/26729/franklin-liberty-high-yield-corporate-etf/FLHY"
    },
    {
    "subAssetClass": "US Muni",
    "ticker": "MUB",
    "tickerName": "iShares National Muni Bond",
    "allocatedValue": 5.8,
    "tickerLink": "https://www.ishares.com/us/products/239766/ishares-national-amtfree-muni-bond-etf"
    },
    {
    "subAssetClass": "EM Bonds",
    "ticker": "EMB",
    "tickerName": "iShares JP Morgan Emerging Mkts Bond",
    "allocatedValue": 1.1,
    "tickerLink": "https://www.ishares.com/us/products/239572/ishares-jp-morgan-usd-emerging-markets-bond-etf"
    }
    ]
    }
    ]
    },
    {
    "portfolioId": 13,
    "assets": [
    {
    "type": "Equity",
    "totalAllocatedvalue": 75,
    "subAssets": [
    {
    "subAssetClass": "US Equities",
    "ticker": "FLQL",
    "tickerName": "Franklin LibertyQ US Equity",
    "allocatedValue": 34.9,
    "tickerLink": "https://www.franklintempleton.com/investor/investments-and-solutions/investment-options/etfs/overview/25773/franklin-libertyq-us-equity-etf/FLQL"
    },
    {
    "subAssetClass": "US Small Cap Equities",
    "ticker": "VB",
    "tickerName": "Vanguard Small Cap",
    "allocatedValue": 3.9,
    "tickerLink": "https://www.etf.com/VB"
    },
    {
    "subAssetClass": "EAFE Equities",
    "ticker": "IEFA",
    "tickerName": "iShares Core MSCI EAFE",
    "allocatedValue": 26.2,
    "tickerLink": "https://www.etf.com/IEFA"
    },
    {
    "subAssetClass": "EM Equities",
    "ticker": "FLQE",
    "tickerName": "Franklin LibertyQ Emerging Markets",
    "allocatedValue": 7.7,
    "tickerLink": "https://www.franklintempleton.com/investor/investments-and-solutions/investment-options/etfs/overview/21413/franklin-libertyq-emerging-markets-etf/FLQE"
    },
    {
    "subAssetClass": "REITS",
    "ticker": "VNQ",
    "tickerName": "Vanguard Real Estate",
    "allocatedValue": 2.6,
    "tickerLink": "https://www.etf.com/VNQ"
    }
    ]
    },
    {
    "type": "Fixed Income",
    "totalAllocatedvalue": 25,
    "subAssets": [
    {
    "subAssetClass": "US Treasury",
    "ticker": "FTSD",
    "tickerName": "Franklin Liberty Short Duration US Govt",
    "allocatedValue": 8.9,
    "tickerLink": "https://www.franklintempleton.com/investor/investments-and-solutions/investment-options/etfs/overview/18000/franklin-liberty-short-duration-u-s-government-etf/FTSD"
    },
    {
    "subAssetClass": "US Corp",
    "ticker": "FLCO",
    "tickerName": "Franklin Liberty Investment Grade Corporate ",
    "allocatedValue": 9.3,
    "tickerLink": "https://www.franklintempleton.com/investor/investments-and-solutions/investment-options/etfs/overview/21558/franklin-liberty-investment-grade-corporate-etf/FLCO"
    },
    {
    "subAssetClass": "US HY",
    "ticker": "FLHY",
    "tickerName": "Franklin Liberty High Yield Corporate ",
    "allocatedValue": 0.2,
    "tickerLink": "https://www.franklintempleton.com/investor/investments-and-solutions/investment-options/etfs/overview/26729/franklin-liberty-high-yield-corporate-etf/FLHY"
    },
    {
    "subAssetClass": "US Muni",
    "ticker": "MUB",
    "tickerName": "iShares National Muni Bond",
    "allocatedValue": 5.5,
    "tickerLink": "https://www.ishares.com/us/products/239766/ishares-national-amtfree-muni-bond-etf"
    },
    {
    "subAssetClass": "EM Bonds",
    "ticker": "EMB",
    "tickerName": "iShares JP Morgan Emerging Mkts Bond",
    "allocatedValue": 0.8,
    "tickerLink": "https://www.ishares.com/us/products/239572/ishares-jp-morgan-usd-emerging-markets-bond-etf"
    }
    ]
    }
    ]
    },
    {
    "portfolioId": 14,
    "assets": [
    {
    "type": "Equity",
    "totalAllocatedvalue": 80,
    "subAssets": [
    {
    "subAssetClass": "US Equities",
    "ticker": "FLQL",
    "tickerName": "Franklin LibertyQ US Equity",
    "allocatedValue": 37.2,
    "tickerLink": "https://www.franklintempleton.com/investor/investments-and-solutions/investment-options/etfs/overview/25773/franklin-libertyq-us-equity-etf/FLQL"
    },
    {
    "subAssetClass": "US Small Cap Equities",
    "ticker": "VB",
    "tickerName": "Vanguard Small Cap",
    "allocatedValue": 4.1,
    "tickerLink": "https://www.etf.com/VB"
    },
    {
    "subAssetClass": "EAFE Equities",
    "ticker": "IEFA",
    "tickerName": "iShares Core MSCI EAFE",
    "allocatedValue": 28,
    "tickerLink": "https://www.etf.com/IEFA"
    },
    {
    "subAssetClass": "EM Equities",
    "ticker": "FLQE",
    "tickerName": "Franklin LibertyQ Emerging Markets",
    "allocatedValue": 8.1,
    "tickerLink": "https://www.franklintempleton.com/investor/investments-and-solutions/investment-options/etfs/overview/21413/franklin-libertyq-emerging-markets-etf/FLQE"
    },
    {
    "subAssetClass": "REITS",
    "ticker": "VNQ",
    "tickerName": "Vanguard Real Estate",
    "allocatedValue": 2.8,
    "tickerLink": "https://www.etf.com/VNQ"
    }
    ]
    },
    {
    "type": "Fixed Income",
    "totalAllocatedvalue": 20,
    "subAssets": [
    {
    "subAssetClass": "US Treasury",
    "ticker": "FTSD",
    "tickerName": "Franklin Liberty Short Duration US Govt",
    "allocatedValue": 7.4,
    "tickerLink": "https://www.franklintempleton.com/investor/investments-and-solutions/investment-options/etfs/overview/18000/franklin-liberty-short-duration-u-s-government-etf/FTSD"
    },
    {
    "subAssetClass": "US Corp",
    "ticker": "FLCO",
    "tickerName": "Franklin Liberty Investment Grade Corporate ",
    "allocatedValue": 7.3,
    "tickerLink": "https://www.franklintempleton.com/investor/investments-and-solutions/investment-options/etfs/overview/21558/franklin-liberty-investment-grade-corporate-etf/FLCO"
    },
    {
    "subAssetClass": "US HY",
    "ticker": "FLHY",
    "tickerName": "Franklin Liberty High Yield Corporate ",
    "allocatedValue": 0.2,
    "tickerLink": "https://www.franklintempleton.com/investor/investments-and-solutions/investment-options/etfs/overview/26729/franklin-liberty-high-yield-corporate-etf/FLHY"
    },
    {
    "subAssetClass": "US Muni",
    "ticker": "MUB",
    "tickerName": "iShares National Muni Bond",
    "allocatedValue": 4.3,
    "tickerLink": "https://www.ishares.com/us/products/239766/ishares-national-amtfree-muni-bond-etf"
    },
    {
    "subAssetClass": "EM Bonds",
    "ticker": "EMB",
    "tickerName": "iShares JP Morgan Emerging Mkts Bond",
    "allocatedValue": 0.7,
    "tickerLink": "https://www.ishares.com/us/products/239572/ishares-jp-morgan-usd-emerging-markets-bond-etf"
    }
    ]
    }
    ]
    },
    {
    "portfolioId": 15,
    "assets": [
    {
    "type": "Equity",
    "totalAllocatedvalue": 85,
    "subAssets": [
    {
    "subAssetClass": "US Equities",
    "ticker": "FLQL",
    "tickerName": "Franklin LibertyQ US Equity",
    "allocatedValue": 39.5,
    "tickerLink": "https://www.franklintempleton.com/investor/investments-and-solutions/investment-options/etfs/overview/25773/franklin-libertyq-us-equity-etf/FLQL"
    },
    {
    "subAssetClass": "US Small Cap Equities",
    "ticker": "VB",
    "tickerName": "Vanguard Small Cap",
    "allocatedValue": 4.3,
    "tickerLink": "https://www.etf.com/VB"
    },
    {
    "subAssetClass": "EAFE Equities",
    "ticker": "IEFA",
    "tickerName": "iShares Core MSCI EAFE",
    "allocatedValue": 29.7,
    "tickerLink": "https://www.etf.com/IEFA"
    },
    {
    "subAssetClass": "EM Equities",
    "ticker": "FLQE",
    "tickerName": "Franklin LibertyQ Emerging Markets",
    "allocatedValue": 8.5,
    "tickerLink": "https://www.franklintempleton.com/investor/investments-and-solutions/investment-options/etfs/overview/21413/franklin-libertyq-emerging-markets-etf/FLQE"
    },
    {
    "subAssetClass": "REITS",
    "ticker": "VNQ",
    "tickerName": "Vanguard Real Estate",
    "allocatedValue": 3,
    "tickerLink": "https://www.etf.com/VNQ"
    }
    ]
    },
    {
    "type": "Fixed Income",
    "totalAllocatedvalue": 15,
    "subAssets": [
    {
    "subAssetClass": "US Treasury",
    "ticker": "FTSD",
    "tickerName": "Franklin Liberty Short Duration US Govt",
    "allocatedValue": 8.2,
    "tickerLink": "https://www.franklintempleton.com/investor/investments-and-solutions/investment-options/etfs/overview/18000/franklin-liberty-short-duration-u-s-government-etf/FTSD"
    },
    {
    "subAssetClass": "US Corp",
    "ticker": "FLCO",
    "tickerName": "Franklin Liberty Investment Grade Corporate ",
    "allocatedValue": 3.5,
    "tickerLink": "https://www.franklintempleton.com/investor/investments-and-solutions/investment-options/etfs/overview/21558/franklin-liberty-investment-grade-corporate-etf/FLCO"
    },
    {
    "subAssetClass": "US HY",
    "ticker": "FLHY",
    "tickerName": "Franklin Liberty High Yield Corporate ",
    "allocatedValue": 0.7,
    "tickerLink": "https://www.franklintempleton.com/investor/investments-and-solutions/investment-options/etfs/overview/26729/franklin-liberty-high-yield-corporate-etf/FLHY"
    },
    {
    "subAssetClass": "US Muni",
    "ticker": "MUB",
    "tickerName": "iShares National Muni Bond",
    "allocatedValue": 1.8,
    "tickerLink": "https://www.ishares.com/us/products/239766/ishares-national-amtfree-muni-bond-etf"
    },
    {
    "subAssetClass": "EM Bonds",
    "ticker": "EMB",
    "tickerName": "iShares JP Morgan Emerging Mkts Bond",
    "allocatedValue": 0.7,
    "tickerLink": "https://www.ishares.com/us/products/239572/ishares-jp-morgan-usd-emerging-markets-bond-etf"
    }
    ]
    }
    ]
    },
    {
    "portfolioId": 16,
    "assets": [
    {
    "type": "Equity",
    "totalAllocatedvalue": 90,
    "subAssets": [
    {
    "subAssetClass": "US Equities",
    "ticker": "FLQL",
    "tickerName": "Franklin LibertyQ US Equity",
    "allocatedValue": 41.8,
    "tickerLink": "https://www.franklintempleton.com/investor/investments-and-solutions/investment-options/etfs/overview/25773/franklin-libertyq-us-equity-etf/FLQL"
    },
    {
    "subAssetClass": "US Small Cap Equities",
    "ticker": "VB",
    "tickerName": "Vanguard Small Cap",
    "allocatedValue": 4.6,
    "tickerLink": "https://www.etf.com/VB"
    },
    {
    "subAssetClass": "EAFE Equities",
    "ticker": "IEFA",
    "tickerName": "iShares Core MSCI EAFE",
    "allocatedValue": 31.5,
    "tickerLink": "https://www.etf.com/IEFA"
    },
    {
    "subAssetClass": "EM Equities",
    "ticker": "FLQE",
    "tickerName": "Franklin LibertyQ Emerging Markets",
    "allocatedValue": 9.1,
    "tickerLink": "https://www.franklintempleton.com/investor/investments-and-solutions/investment-options/etfs/overview/21413/franklin-libertyq-emerging-markets-etf/FLQE"
    },
    {
    "subAssetClass": "REITS",
    "ticker": "VNQ",
    "tickerName": "Vanguard Real Estate",
    "allocatedValue": 3.1,
    "tickerLink": "https://www.etf.com/VNQ"
    }
    ]
    },
    {
    "type": "Fixed Income",
    "totalAllocatedvalue": 10,
    "subAssets": [
    {
    "subAssetClass": "US Treasury",
    "ticker": "FTSD",
    "tickerName": "Franklin Liberty Short Duration US Govt",
    "allocatedValue": 3.4,
    "tickerLink": "https://www.franklintempleton.com/investor/investments-and-solutions/investment-options/etfs/overview/18000/franklin-liberty-short-duration-u-s-government-etf/FTSD"
    },
    {
    "subAssetClass": "US Corp",
    "ticker": "FLCO",
    "tickerName": "Franklin Liberty Investment Grade Corporate ",
    "allocatedValue": 3.9,
    "tickerLink": "https://www.franklintempleton.com/investor/investments-and-solutions/investment-options/etfs/overview/21558/franklin-liberty-investment-grade-corporate-etf/FLCO"
    },
    {
    "subAssetClass": "US HY",
    "ticker": "FLHY",
    "tickerName": "Franklin Liberty High Yield Corporate ",
    "allocatedValue": 0.1,
    "tickerLink": "https://www.franklintempleton.com/investor/investments-and-solutions/investment-options/etfs/overview/26729/franklin-liberty-high-yield-corporate-etf/FLHY"
    },
    {
    "subAssetClass": "US Muni",
    "ticker": "MUB",
    "tickerName": "iShares National Muni Bond",
    "allocatedValue": 2.3,
    "tickerLink": "https://www.ishares.com/us/products/239766/ishares-national-amtfree-muni-bond-etf"
    },
    {
    "subAssetClass": "EM Bonds",
    "ticker": "EMB",
    "tickerName": "iShares JP Morgan Emerging Mkts Bond",
    "allocatedValue": 0.3,
    "tickerLink": "https://www.ishares.com/us/products/239572/ishares-jp-morgan-usd-emerging-markets-bond-etf"
    }
    ]
    }
    ]
    },
    {
    "portfolioId": 2,
    "assets": [
    {
    "type": "Equity",
    "totalAllocatedvalue": 20,
    "subAssets": [
    {
    "subAssetClass": "US Equities",
    "ticker": "FLQL",
    "tickerName": "Franklin LibertyQ US Equity",
    "allocatedValue": 9.2,
    "tickerLink": "https://www.franklintempleton.com/investor/investments-and-solutions/investment-options/etfs/overview/25773/franklin-libertyq-us-equity-etf/FLQL"
    },
    {
    "subAssetClass": "US Small Cap Equities",
    "ticker": "VB",
    "tickerName": "Vanguard Small Cap",
    "allocatedValue": 1.5,
    "tickerLink": "https://www.etf.com/VB"
    },
    {
    "subAssetClass": "EAFE Equities",
    "ticker": "IEFA",
    "tickerName": "iShares Core MSCI EAFE",
    "allocatedValue": 6.8,
    "tickerLink": "https://www.etf.com/IEFA"
    },
    {
    "subAssetClass": "EM Equities",
    "ticker": "FLQE",
    "tickerName": "Franklin LibertyQ Emerging Markets",
    "allocatedValue": 2.7,
    "tickerLink": "https://www.franklintempleton.com/investor/investments-and-solutions/investment-options/etfs/overview/21413/franklin-libertyq-emerging-markets-etf/FLQE"
    },
    {
    "subAssetClass": "REITS",
    "ticker": "VNQ",
    "tickerName": "Vanguard Real Estate",
    "allocatedValue": 0.5,
    "tickerLink": "https://www.etf.com/VNQ"
    }
    ]
    },
    {
    "type": "Fixed Income",
    "totalAllocatedvalue": 80,
    "subAssets": [
    {
    "subAssetClass": "US Treasury",
    "ticker": "FTSD",
    "tickerName": "Franklin Liberty Short Duration US Govt",
    "allocatedValue": 27.5,
    "tickerLink": "https://www.franklintempleton.com/investor/investments-and-solutions/investment-options/etfs/overview/18000/franklin-liberty-short-duration-u-s-government-etf/FTSD"
    },
    {
    "subAssetClass": "US Corp",
    "ticker": "FLCO",
    "tickerName": "Franklin Liberty Investment Grade Corporate ",
    "allocatedValue": 30.7,
    "tickerLink": "https://www.franklintempleton.com/investor/investments-and-solutions/investment-options/etfs/overview/21558/franklin-liberty-investment-grade-corporate-etf/FLCO"
    },
    {
    "subAssetClass": "US HY",
    "ticker": "FLHY",
    "tickerName": "Franklin Liberty High Yield Corporate ",
    "allocatedValue": 0.5,
    "tickerLink": "https://www.franklintempleton.com/investor/investments-and-solutions/investment-options/etfs/overview/26729/franklin-liberty-high-yield-corporate-etf/FLHY"
    },
    {
    "subAssetClass": "US Muni",
    "ticker": "MUB",
    "tickerName": "iShares National Muni Bond",
    "allocatedValue": 18.1,
    "tickerLink": "https://www.ishares.com/us/products/239766/ishares-national-amtfree-muni-bond-etf"
    },
    {
    "subAssetClass": "EM Bonds",
    "ticker": "EMB",
    "tickerName": "iShares JP Morgan Emerging Mkts Bond",
    "allocatedValue": 2.5,
    "tickerLink": "https://www.ishares.com/us/products/239572/ishares-jp-morgan-usd-emerging-markets-bond-etf"
    }
    ]
    }
    ]
    },
    {
    "portfolioId": 3,
    "assets": [
    {
    "type": "Equity",
    "totalAllocatedvalue": 25,
    "subAssets": [
    {
    "subAssetClass": "US Equities",
    "ticker": "FLQL",
    "tickerName": "Franklin LibertyQ US Equity",
    "allocatedValue": 11.6,
    "tickerLink": "https://www.franklintempleton.com/investor/investments-and-solutions/investment-options/etfs/overview/25773/franklin-libertyq-us-equity-etf/FLQL"
    },
    {
    "subAssetClass": "US Small Cap Equities",
    "ticker": "VB",
    "tickerName": "Vanguard Small Cap",
    "allocatedValue": 1.7,
    "tickerLink": "https://www.etf.com/VB"
    },
    {
    "subAssetClass": "EAFE Equities",
    "ticker": "IEFA",
    "tickerName": "iShares Core MSCI EAFE",
    "allocatedValue": 8.6,
    "tickerLink": "https://www.etf.com/IEFA"
    },
    {
    "subAssetClass": "EM Equities",
    "ticker": "FLQE",
    "tickerName": "Franklin LibertyQ Emerging Markets",
    "allocatedValue": 3.1,
    "tickerLink": "https://www.franklintempleton.com/investor/investments-and-solutions/investment-options/etfs/overview/21413/franklin-libertyq-emerging-markets-etf/FLQE"
    },
    {
    "subAssetClass": "REITS",
    "ticker": "VNQ",
    "tickerName": "Vanguard Real Estate",
    "allocatedValue": 0.7,
    "tickerLink": "https://www.etf.com/VNQ"
    }
    ]
    },
    {
    "type": "Fixed Income",
    "totalAllocatedvalue": 75,
    "subAssets": [
    {
    "subAssetClass": "US Treasury",
    "ticker": "FTSD",
    "tickerName": "Franklin Liberty Short Duration US Govt",
    "allocatedValue": 26.7,
    "tickerLink": "https://www.franklintempleton.com/investor/investments-and-solutions/investment-options/etfs/overview/18000/franklin-liberty-short-duration-u-s-government-etf/FTSD"
    },
    {
    "subAssetClass": "US Corp",
    "ticker": "FLCO",
    "tickerName": "Franklin Liberty Investment Grade Corporate ",
    "allocatedValue": 28,
    "tickerLink": "https://www.franklintempleton.com/investor/investments-and-solutions/investment-options/etfs/overview/21558/franklin-liberty-investment-grade-corporate-etf/FLCO"
    },
    {
    "subAssetClass": "US HY",
    "ticker": "FLHY",
    "tickerName": "Franklin Liberty High Yield Corporate ",
    "allocatedValue": 0.7,
    "tickerLink": "https://www.franklintempleton.com/investor/investments-and-solutions/investment-options/etfs/overview/26729/franklin-liberty-high-yield-corporate-etf/FLHY"
    },
    {
    "subAssetClass": "US Muni",
    "ticker": "MUB",
    "tickerName": "iShares National Muni Bond",
    "allocatedValue": 16.5,
    "tickerLink": "https://www.ishares.com/us/products/239766/ishares-national-amtfree-muni-bond-etf"
    },
    {
    "subAssetClass": "EM Bonds",
    "ticker": "EMB",
    "tickerName": "iShares JP Morgan Emerging Mkts Bond",
    "allocatedValue": 2.4,
    "tickerLink": "https://www.ishares.com/us/products/239572/ishares-jp-morgan-usd-emerging-markets-bond-etf"
    }
    ]
    }
    ]
    },
    {
    "portfolioId": 4,
    "assets": [
    {
    "type": "Equity",
    "totalAllocatedvalue": 30,
    "subAssets": [
    {
    "subAssetClass": "US Equities",
    "ticker": "FLQL",
    "tickerName": "Franklin LibertyQ US Equity",
    "allocatedValue": 13.9,
    "tickerLink": "https://www.franklintempleton.com/investor/investments-and-solutions/investment-options/etfs/overview/25773/franklin-libertyq-us-equity-etf/FLQL"
    },
    {
    "subAssetClass": "US Small Cap Equities",
    "ticker": "VB",
    "tickerName": "Vanguard Small Cap",
    "allocatedValue": 1.9,
    "tickerLink": "https://www.etf.com/VB"
    },
    {
    "subAssetClass": "EAFE Equities",
    "ticker": "IEFA",
    "tickerName": "iShares Core MSCI EAFE",
    "allocatedValue": 10.3,
    "tickerLink": "https://www.etf.com/IEFA"
    },
    {
    "subAssetClass": "EM Equities",
    "ticker": "FLQE",
    "tickerName": "Franklin LibertyQ Emerging Markets",
    "allocatedValue": 3.5,
    "tickerLink": "https://www.franklintempleton.com/investor/investments-and-solutions/investment-options/etfs/overview/21413/franklin-libertyq-emerging-markets-etf/FLQE"
    },
    {
    "subAssetClass": "REITS",
    "ticker": "VNQ",
    "tickerName": "Vanguard Real Estate",
    "allocatedValue": 0.9,
    "tickerLink": "https://www.etf.com/VNQ"
    }
    ]
    },
    {
    "type": "Fixed Income",
    "totalAllocatedvalue": 70,
    "subAssets": [
    {
    "subAssetClass": "US Treasury",
    "ticker": "FTSD",
    "tickerName": "Franklin Liberty Short Duration US Govt",
    "allocatedValue": 24.9,
    "tickerLink": "https://www.franklintempleton.com/investor/investments-and-solutions/investment-options/etfs/overview/18000/franklin-liberty-short-duration-u-s-government-etf/FTSD"
    },
    {
    "subAssetClass": "US Corp",
    "ticker": "FLCO",
    "tickerName": "Franklin Liberty Investment Grade Corporate ",
    "allocatedValue": 26.2,
    "tickerLink": "https://www.franklintempleton.com/investor/investments-and-solutions/investment-options/etfs/overview/21558/franklin-liberty-investment-grade-corporate-etf/FLCO"
    },
    {
    "subAssetClass": "US HY",
    "ticker": "FLHY",
    "tickerName": "Franklin Liberty High Yield Corporate ",
    "allocatedValue": 0.6,
    "tickerLink": "https://www.franklintempleton.com/investor/investments-and-solutions/investment-options/etfs/overview/26729/franklin-liberty-high-yield-corporate-etf/FLHY"
    },
    {
    "subAssetClass": "US Muni",
    "ticker": "MUB",
    "tickerName": "iShares National Muni Bond",
    "allocatedValue": 15.5,
    "tickerLink": "https://www.ishares.com/us/products/239766/ishares-national-amtfree-muni-bond-etf"
    },
    {
    "subAssetClass": "EM Bonds",
    "ticker": "EMB",
    "tickerName": "iShares JP Morgan Emerging Mkts Bond",
    "allocatedValue": 2.2,
    "tickerLink": "https://www.ishares.com/us/products/239572/ishares-jp-morgan-usd-emerging-markets-bond-etf"
    }
    ]
    }
    ]
    },
    {
    "portfolioId": 5,
    "assets": [
    {
    "type": "Equity",
    "totalAllocatedvalue": 35,
    "subAssets": [
    {
    "subAssetClass": "US Equities",
    "ticker": "FLQL",
    "tickerName": "Franklin LibertyQ US Equity",
    "allocatedValue": 16.2,
    "tickerLink": "https://www.franklintempleton.com/investor/investments-and-solutions/investment-options/etfs/overview/25773/franklin-libertyq-us-equity-etf/FLQL"
    },
    {
    "subAssetClass": "US Small Cap Equities",
    "ticker": "VB",
    "tickerName": "Vanguard Small Cap",
    "allocatedValue": 2.1,
    "tickerLink": "https://www.etf.com/VB"
    },
    {
    "subAssetClass": "EAFE Equities",
    "ticker": "IEFA",
    "tickerName": "iShares Core MSCI EAFE",
    "allocatedValue": 12.1,
    "tickerLink": "https://www.etf.com/IEFA"
    },
    {
    "subAssetClass": "EM Equities",
    "ticker": "FLQE",
    "tickerName": "Franklin LibertyQ Emerging Markets",
    "allocatedValue": 4,
    "tickerLink": "https://www.franklintempleton.com/investor/investments-and-solutions/investment-options/etfs/overview/21413/franklin-libertyq-emerging-markets-etf/FLQE"
    },
    {
    "subAssetClass": "REITS",
    "ticker": "VNQ",
    "tickerName": "Vanguard Real Estate",
    "allocatedValue": 1.1,
    "tickerLink": "https://www.etf.com/VNQ"
    }
    ]
    },
    {
    "type": "Fixed Income",
    "totalAllocatedvalue": 65,
    "subAssets": [
    {
    "subAssetClass": "US Treasury",
    "ticker": "FTSD",
    "tickerName": "Franklin Liberty Short Duration US Govt",
    "allocatedValue": 22.8,
    "tickerLink": "https://www.franklintempleton.com/investor/investments-and-solutions/investment-options/etfs/overview/18000/franklin-liberty-short-duration-u-s-government-etf/FTSD"
    },
    {
    "subAssetClass": "US Corp",
    "ticker": "FLCO",
    "tickerName": "Franklin Liberty Investment Grade Corporate ",
    "allocatedValue": 24.6,
    "tickerLink": "https://www.franklintempleton.com/investor/investments-and-solutions/investment-options/etfs/overview/21558/franklin-liberty-investment-grade-corporate-etf/FLCO"
    },
    {
    "subAssetClass": "US HY",
    "ticker": "FLHY",
    "tickerName": "Franklin Liberty High Yield Corporate ",
    "allocatedValue": 0.5,
    "tickerLink": "https://www.franklintempleton.com/investor/investments-and-solutions/investment-options/etfs/overview/26729/franklin-liberty-high-yield-corporate-etf/FLHY"
    },
    {
    "subAssetClass": "US Muni",
    "ticker": "MUB",
    "tickerName": "iShares National Muni Bond",
    "allocatedValue": 14.5,
    "tickerLink": "https://www.ishares.com/us/products/239766/ishares-national-amtfree-muni-bond-etf"
    },
    {
    "subAssetClass": "EM Bonds",
    "ticker": "EMB",
    "tickerName": "iShares JP Morgan Emerging Mkts Bond",
    "allocatedValue": 2,
    "tickerLink": "https://www.ishares.com/us/products/239572/ishares-jp-morgan-usd-emerging-markets-bond-etf"
    }
    ]
    }
    ]
    },
    {
    "portfolioId": 6,
    "assets": [
    {
    "type": "Equity",
    "totalAllocatedvalue": 40,
    "subAssets": [
    {
    "subAssetClass": "US Equities",
    "ticker": "FLQL",
    "tickerName": "Franklin LibertyQ US Equity",
    "allocatedValue": 18.6,
    "tickerLink": "https://www.franklintempleton.com/investor/investments-and-solutions/investment-options/etfs/overview/25773/franklin-libertyq-us-equity-etf/FLQL"
    },
    {
    "subAssetClass": "US Small Cap Equities",
    "ticker": "VB",
    "tickerName": "Vanguard Small Cap",
    "allocatedValue": 2.3,
    "tickerLink": "https://www.etf.com/VB"
    },
    {
    "subAssetClass": "EAFE Equities",
    "ticker": "IEFA",
    "tickerName": "iShares Core MSCI EAFE",
    "allocatedValue": 13.9,
    "tickerLink": "https://www.etf.com/IEFA"
    },
    {
    "subAssetClass": "EM Equities",
    "ticker": "FLQE",
    "tickerName": "Franklin LibertyQ Emerging Markets",
    "allocatedValue": 4.5,
    "tickerLink": "https://www.franklintempleton.com/investor/investments-and-solutions/investment-options/etfs/overview/21413/franklin-libertyq-emerging-markets-etf/FLQE"
    },
    {
    "subAssetClass": "REITS",
    "ticker": "VNQ",
    "tickerName": "Vanguard Real Estate",
    "allocatedValue": 1.3,
    "tickerLink": "https://www.etf.com/VNQ"
    }
    ]
    },
    {
    "type": "Fixed Income",
    "totalAllocatedvalue": 60,
    "subAssets": [
    {
    "subAssetClass": "US Treasury",
    "ticker": "FTSD",
    "tickerName": "Franklin Liberty Short Duration US Govt",
    "allocatedValue": 21.8,
    "tickerLink": "https://www.franklintempleton.com/investor/investments-and-solutions/investment-options/etfs/overview/18000/franklin-liberty-short-duration-u-s-government-etf/FTSD"
    },
    {
    "subAssetClass": "US Corp",
    "ticker": "FLCO",
    "tickerName": "Franklin Liberty Investment Grade Corporate ",
    "allocatedValue": 22.1,
    "tickerLink": "https://www.franklintempleton.com/investor/investments-and-solutions/investment-options/etfs/overview/21558/franklin-liberty-investment-grade-corporate-etf/FLCO"
    },
    {
    "subAssetClass": "US HY",
    "ticker": "FLHY",
    "tickerName": "Franklin Liberty High Yield Corporate ",
    "allocatedValue": 0.6,
    "tickerLink": "https://www.franklintempleton.com/investor/investments-and-solutions/investment-options/etfs/overview/26729/franklin-liberty-high-yield-corporate-etf/FLHY"
    },
    {
    "subAssetClass": "US Muni",
    "ticker": "MUB",
    "tickerName": "iShares National Muni Bond",
    "allocatedValue": 13,
    "tickerLink": "https://www.ishares.com/us/products/239766/ishares-national-amtfree-muni-bond-etf"
    },
    {
    "subAssetClass": "EM Bonds",
    "ticker": "EMB",
    "tickerName": "iShares JP Morgan Emerging Mkts Bond",
    "allocatedValue": 2,
    "tickerLink": "https://www.ishares.com/us/products/239572/ishares-jp-morgan-usd-emerging-markets-bond-etf"
    }
    ]
    }
    ]
    },
    {
    "portfolioId": 7,
    "assets": [
    {
    "type": "Equity",
    "totalAllocatedvalue": 45,
    "subAssets": [
    {
    "subAssetClass": "US Equities",
    "ticker": "FLQL",
    "tickerName": "Franklin LibertyQ US Equity",
    "allocatedValue": 20.9,
    "tickerLink": "https://www.franklintempleton.com/investor/investments-and-solutions/investment-options/etfs/overview/25773/franklin-libertyq-us-equity-etf/FLQL"
    },
    {
    "subAssetClass": "US Small Cap Equities",
    "ticker": "VB",
    "tickerName": "Vanguard Small Cap",
    "allocatedValue": 2.5,
    "tickerLink": "https://www.etf.com/VB"
    },
    {
    "subAssetClass": "EAFE Equities",
    "ticker": "IEFA",
    "tickerName": "iShares Core MSCI EAFE",
    "allocatedValue": 15.6,
    "tickerLink": "https://www.etf.com/IEFA"
    },
    {
    "subAssetClass": "EM Equities",
    "ticker": "FLQE",
    "tickerName": "Franklin LibertyQ Emerging Markets",
    "allocatedValue": 4.9,
    "tickerLink": "https://www.franklintempleton.com/investor/investments-and-solutions/investment-options/etfs/overview/21413/franklin-libertyq-emerging-markets-etf/FLQE"
    },
    {
    "subAssetClass": "REITS",
    "ticker": "VNQ",
    "tickerName": "Vanguard Real Estate",
    "allocatedValue": 1.5,
    "tickerLink": "https://www.etf.com/VNQ"
    }
    ]
    },
    {
    "type": "Fixed Income",
    "totalAllocatedvalue": 55,
    "subAssets": [
    {
    "subAssetClass": "US Treasury",
    "ticker": "FTSD",
    "tickerName": "Franklin Liberty Short Duration US Govt",
    "allocatedValue": 20.2,
    "tickerLink": "https://www.franklintempleton.com/investor/investments-and-solutions/investment-options/etfs/overview/18000/franklin-liberty-short-duration-u-s-government-etf/FTSD"
    },
    {
    "subAssetClass": "US Corp",
    "ticker": "FLCO",
    "tickerName": "Franklin Liberty Investment Grade Corporate ",
    "allocatedValue": 20.1,
    "tickerLink": "https://www.franklintempleton.com/investor/investments-and-solutions/investment-options/etfs/overview/21558/franklin-liberty-investment-grade-corporate-etf/FLCO"
    },
    {
    "subAssetClass": "US HY",
    "ticker": "FLHY",
    "tickerName": "Franklin Liberty High Yield Corporate ",
    "allocatedValue": 0.7,
    "tickerLink": "https://www.franklintempleton.com/investor/investments-and-solutions/investment-options/etfs/overview/26729/franklin-liberty-high-yield-corporate-etf/FLHY"
    },
    {
    "subAssetClass": "US Muni",
    "ticker": "MUB",
    "tickerName": "iShares National Muni Bond",
    "allocatedValue": 11.8,
    "tickerLink": "https://www.ishares.com/us/products/239766/ishares-national-amtfree-muni-bond-etf"
    },
    {
    "subAssetClass": "EM Bonds",
    "ticker": "EMB",
    "tickerName": "iShares JP Morgan Emerging Mkts Bond",
    "allocatedValue": 1.8,
    "tickerLink": "https://www.ishares.com/us/products/239572/ishares-jp-morgan-usd-emerging-markets-bond-etf"
    }
    ]
    }
    ]
    },
    {
    "portfolioId": 8,
    "assets": [
    {
    "type": "Equity",
    "totalAllocatedvalue": 50,
    "subAssets": [
    {
    "subAssetClass": "US Equities",
    "ticker": "FLQL",
    "tickerName": "Franklin LibertyQ US Equity",
    "allocatedValue": 23.2,
    "tickerLink": "https://www.franklintempleton.com/investor/investments-and-solutions/investment-options/etfs/overview/25773/franklin-libertyq-us-equity-etf/FLQL"
    },
    {
    "subAssetClass": "US Small Cap Equities",
    "ticker": "VB",
    "tickerName": "Vanguard Small Cap",
    "allocatedValue": 2.8,
    "tickerLink": "https://www.etf.com/VB"
    },
    {
    "subAssetClass": "EAFE Equities",
    "ticker": "IEFA",
    "tickerName": "iShares Core MSCI EAFE",
    "allocatedValue": 17.4,
    "tickerLink": "https://www.etf.com/IEFA"
    },
    {
    "subAssetClass": "EM Equities",
    "ticker": "FLQE",
    "tickerName": "Franklin LibertyQ Emerging Markets",
    "allocatedValue": 5.4,
    "tickerLink": "https://www.franklintempleton.com/investor/investments-and-solutions/investment-options/etfs/overview/21413/franklin-libertyq-emerging-markets-etf/FLQE"
    },
    {
    "subAssetClass": "REITS",
    "ticker": "VNQ",
    "tickerName": "Vanguard Real Estate",
    "allocatedValue": 1.6,
    "tickerLink": "https://www.etf.com/VNQ"
    }
    ]
    },
    {
    "type": "Fixed Income",
    "totalAllocatedvalue": 50,
    "subAssets": [
    {
    "subAssetClass": "US Treasury",
    "ticker": "FTSD",
    "tickerName": "Franklin Liberty Short Duration US Govt",
    "allocatedValue": 17.5,
    "tickerLink": "https://www.franklintempleton.com/investor/investments-and-solutions/investment-options/etfs/overview/18000/franklin-liberty-short-duration-u-s-government-etf/FTSD"
    },
    {
    "subAssetClass": "US Corp",
    "ticker": "FLCO",
    "tickerName": "Franklin Liberty Investment Grade Corporate ",
    "allocatedValue": 18.9,
    "tickerLink": "https://www.franklintempleton.com/investor/investments-and-solutions/investment-options/etfs/overview/21558/franklin-liberty-investment-grade-corporate-etf/FLCO"
    },
    {
    "subAssetClass": "US HY",
    "ticker": "FLHY",
    "tickerName": "Franklin Liberty High Yield Corporate ",
    "allocatedValue": 0.4,
    "tickerLink": "https://www.franklintempleton.com/investor/investments-and-solutions/investment-options/etfs/overview/26729/franklin-liberty-high-yield-corporate-etf/FLHY"
    },
    {
    "subAssetClass": "US Muni",
    "ticker": "MUB",
    "tickerName": "iShares National Muni Bond",
    "allocatedValue": 11.2,
    "tickerLink": "https://www.ishares.com/us/products/239766/ishares-national-amtfree-muni-bond-etf"
    },
    {
    "subAssetClass": "EM Bonds",
    "ticker": "EMB",
    "tickerName": "iShares JP Morgan Emerging Mkts Bond",
    "allocatedValue": 1.6,
    "tickerLink": "https://www.ishares.com/us/products/239572/ishares-jp-morgan-usd-emerging-markets-bond-etf"
    }
    ]
    }
    ]
    },
    {
    "portfolioId": 9,
    "assets": [
    {
    "type": "Equity",
    "totalAllocatedvalue": 55,
    "subAssets": [
    {
    "subAssetClass": "US Equities",
    "ticker": "FLQL",
    "tickerName": "Franklin LibertyQ US Equity",
    "allocatedValue": 25.6,
    "tickerLink": "https://www.franklintempleton.com/investor/investments-and-solutions/investment-options/etfs/overview/25773/franklin-libertyq-us-equity-etf/FLQL"
    },
    {
    "subAssetClass": "US Small Cap Equities",
    "ticker": "VB",
    "tickerName": "Vanguard Small Cap",
    "allocatedValue": 2.9,
    "tickerLink": "https://www.etf.com/VB"
    },
    {
    "subAssetClass": "EAFE Equities",
    "ticker": "IEFA",
    "tickerName": "iShares Core MSCI EAFE",
    "allocatedValue": 19.2,
    "tickerLink": "https://www.etf.com/IEFA"
    },
    {
    "subAssetClass": "EM Equities",
    "ticker": "FLQE",
    "tickerName": "Franklin LibertyQ Emerging Markets",
    "allocatedValue": 5.8,
    "tickerLink": "https://www.franklintempleton.com/investor/investments-and-solutions/investment-options/etfs/overview/21413/franklin-libertyq-emerging-markets-etf/FLQE"
    },
    {
    "subAssetClass": "REITS",
    "ticker": "VNQ",
    "tickerName": "Vanguard Real Estate",
    "allocatedValue": 1.8,
    "tickerLink": "https://www.etf.com/VNQ"
    }
    ]
    },
    {
    "type": "Fixed Income",
    "totalAllocatedvalue": 45,
    "subAssets": [
    {
    "subAssetClass": "US Treasury",
    "ticker": "FTSD",
    "tickerName": "Franklin Liberty Short Duration US Govt",
    "allocatedValue": 18,
    "tickerLink": "https://www.franklintempleton.com/investor/investments-and-solutions/investment-options/etfs/overview/18000/franklin-liberty-short-duration-u-s-government-etf/FTSD"
    },
    {
    "subAssetClass": "US Corp",
    "ticker": "FLCO",
    "tickerName": "Franklin Liberty Investment Grade Corporate ",
    "allocatedValue": 15.4,
    "tickerLink": "https://www.franklintempleton.com/investor/investments-and-solutions/investment-options/etfs/overview/21558/franklin-liberty-investment-grade-corporate-etf/FLCO"
    },
    {
    "subAssetClass": "US HY",
    "ticker": "FLHY",
    "tickerName": "Franklin Liberty High Yield Corporate ",
    "allocatedValue": 0.8,
    "tickerLink": "https://www.franklintempleton.com/investor/investments-and-solutions/investment-options/etfs/overview/26729/franklin-liberty-high-yield-corporate-etf/FLHY"
    },
    {
    "subAssetClass": "US Muni",
    "ticker": "MUB",
    "tickerName": "iShares National Muni Bond",
    "allocatedValue": 8.9,
    "tickerLink": "https://www.ishares.com/us/products/239766/ishares-national-amtfree-muni-bond-etf"
    },
    {
    "subAssetClass": "EM Bonds",
    "ticker": "EMB",
    "tickerName": "iShares JP Morgan Emerging Mkts Bond",
    "allocatedValue": 1.6,
    "tickerLink": "https://www.ishares.com/us/products/239572/ishares-jp-morgan-usd-emerging-markets-bond-etf"
    }
    ]
    }
    ]
    },
    {
    "portfolioId": 1,
    "assets": [
    {
    "type": "Equity",
    "totalAllocatedvalue": 15,
    "subAssets": [
    {
    "subAssetClass": "US Equities",
    "ticker": "FLQL",
    "tickerName": "Franklin LibertyQ US Equity",
    "allocatedValue": 6.9,
    "tickerLink": "https://www.franklintempleton.com/investor/investments-and-solutions/investment-options/etfs/overview/25773/franklin-libertyq-us-equity-etf/FLQL"
    },
    {
    "subAssetClass": "US Small Cap Equities",
    "ticker": "VB",
    "tickerName": "Vanguard Small Cap",
    "allocatedValue": 1.3,
    "tickerLink": "https://www.etf.com/VB"
    },
    {
    "subAssetClass": "EAFE Equities",
    "ticker": "IEFA",
    "tickerName": "iShares Core MSCI EAFE",
    "allocatedValue": 5.1,
    "tickerLink": "https://www.etf.com/IEFA"
    },
    {
    "subAssetClass": "EM Equities",
    "ticker": "FLQE",
    "tickerName": "Franklin LibertyQ Emerging Markets",
    "allocatedValue": 2.2,
    "tickerLink": "https://www.franklintempleton.com/investor/investments-and-solutions/investment-options/etfs/overview/21413/franklin-libertyq-emerging-markets-etf/FLQE"
    },
    {
    "subAssetClass": "REITS",
    "ticker": "VNQ",
    "tickerName": "Vanguard Real Estate",
    "allocatedValue": 0.3,
    "tickerLink": "https://www.etf.com/VNQ"
    }
    ]
    },
    {
    "type": "Fixed Income",
    "totalAllocatedvalue": 85,
    "subAssets": [
    {
    "subAssetClass": "US Treasury",
    "ticker": "FTSD",
    "tickerName": "Franklin Liberty Short Duration US Govt",
    "allocatedValue": 29.3,
    "tickerLink": "https://www.franklintempleton.com/investor/investments-and-solutions/investment-options/etfs/overview/18000/franklin-liberty-short-duration-u-s-government-etf/FTSD"
    },
    {
    "subAssetClass": "US Corp",
    "ticker": "FLCO",
    "tickerName": "Franklin Liberty Investment Grade Corporate ",
    "allocatedValue": 32.5,
    "tickerLink": "https://www.franklintempleton.com/investor/investments-and-solutions/investment-options/etfs/overview/21558/franklin-liberty-investment-grade-corporate-etf/FLCO"
    },
    {
    "subAssetClass": "US HY",
    "ticker": "FLHY",
    "tickerName": "Franklin Liberty High Yield Corporate ",
    "allocatedValue": 0.6,
    "tickerLink": "https://www.franklintempleton.com/investor/investments-and-solutions/investment-options/etfs/overview/26729/franklin-liberty-high-yield-corporate-etf/FLHY"
    },
    {
    "subAssetClass": "US Muni",
    "ticker": "MUB",
    "tickerName": "iShares National Muni Bond",
    "allocatedValue": 19.2,
    "tickerLink": "https://www.ishares.com/us/products/239766/ishares-national-amtfree-muni-bond-etf"
    },
    {
    "subAssetClass": "EM Bonds",
    "ticker": "EMB",
    "tickerName": "iShares JP Morgan Emerging Mkts Bond",
    "allocatedValue": 2.6,
    "tickerLink": "https://www.ishares.com/us/products/239572/ishares-jp-morgan-usd-emerging-markets-bond-etf"
    }
    ]
    }
    ]
    }
    ]
    }
    