[
  {
    "id": "Client 1",
    "advisorName": "Dhanush",
    "managerName": "Nikolai",
    "apiName": "",
    "apiVer": "v3",
    "investorName": "Thor Odin",
    "clientFirstName": "Thor",
    "clientLastName": "Odin",
    "clientEmail": "user@test.com",
    "riskProfile": "Moderate",
    "proposalName": "goal_1",
    "iwsApplied": false,
    "isMultiGoal": false,
    "proposalDate": "06-01-2022",
    "request": "[{\"id\":1,\"data\":{\"goalType\":\"Generate Income\",\"annualDistribution\":{\"amount\":[0,25000,25000,25000,25000,25625,25625,25625,25625,26266,26266,26266,26266,26923,26923,26923,26923,27596,27596,40000,40000,40000,40000,40000,40000,40000,40000,40000,40000,40000,40000,40000,40000,40000,40000,40000,40000,40000,40000],\"years\":[2022,2023,2024,2025,2026,2027,2028,2029,2030,2031,2032,2033,2034,2035,2036,2037,2038,2039,2040,2041,2042,2043,2044,2045,2046,2047,2048,2049,2050,2051,2052,2053,2054,2055,2056,2057,2058,2059,2060]},\"goalName\":\"Kumar Income Generation Plan\",\"initialInvestment\":10000,\"scheduledWithdrawlAmount\":2000,\"withdrawlFrequency\":\"Annually\",\"withdrawlStartingOnMonth\":1,\"withdrawlStartingOnYear\":2028,\"withdrawlPeriod\":2,\"bequest\":\"true\",\"targetBequest\":78000,\"endDate\":\"01-01-2029\",\"startDate\":\"19-10-2022\",\"goalPriorityValue\":4,\"goalPriority\":\"Need\",\"riskProfile\":\"Conservative\"}},{\"id\":2,\"data\":{\"goalType\":\"Generate Income\",\"annualDistribution\":{\"amount\":[0,25000,25000,25000,25000,25625,25625,25625,25625,26266,26266,26266,26266,26923,26923,26923,26923,27596,27596,40000,40000,40000,40000,40000,40000,40000,40000,40000,40000,40000,40000,40000,40000,40000,40000,40000,40000,40000,40000],\"years\":[2022,2023,2024,2025,2026,2027,2028,2029,2030,2031,2032,2033,2034,2035,2036,2037,2038,2039,2040,2041,2042,2043,2044,2045,2046,2047,2048,2049,2050,2051,2052,2053,2054,2055,2056,2057,2058,2059,2060]},\"goalName\":\"Dhanush's Generate Income Plan\",\"initialInvestment\":10000,\"scheduledWithdrawlAmount\":2000,\"withdrawlFrequency\":\"Annually\",\"withdrawlStartingOnMonth\":1,\"withdrawlStartingOnYear\":2028,\"withdrawlPeriod\":2,\"bequest\":\"true\",\"targetBequest\":78000,\"endDate\":\"01-01-2029\",\"startDate\":\"19-10-2022\",\"goalPriorityValue\":4,\"goalPriority\":\"Need\",\"riskProfile\":\"Conservative\"}}]",
    "response": "[{\"id\":1,\"data\":{\"analysisReport\":{\"advisorDiscretionReport\":{\"8\":0},\"bankruptcyMsg\":\"NA\",\"currentGoalProbability\":0.79,\"currentLossThresholdProbability\":0,\"isGoalRealistic\":false,\"lossThreshold\":39000,\"meetGoalPriority\":false,\"meetLossPriority\":false,\"message\":\"This goal is unrealistic. Please modify the goal parameters to improve goal probability and receive top-up recommendations.\",\"monthlyTopUpAccumulation\":0,\"monthlyTopUpDecumulation\":0,\"oneTimeTopUp\":0,\"pDeltaCurrentGoalProbability\":0,\"pDeltaCurrentLossThresholdProbability\":0,\"recommendedPortfolioId\":8,\"recommendedTenure\":\"NA\",\"yearlyTopUpAccumulation\":0,\"yearlyTopUpDecumulation\":0},\"pathReport\":{\"portfolioPath\":[4,8,8,8,8,8,8],\"wealthPath\":[10000,10104.956052904525,10211.013683113226,10318.184452346619,10426.480043672562,10535.912262779757,10646.49303926476,8730.767476203988]}}},{\"id\":1,\"data\":{\"analysisReport\":{\"advisorDiscretionReport\":{\"8\":0},\"bankruptcyMsg\":\"NA\",\"currentGoalProbability\":0.29,\"currentLossThresholdProbability\":0,\"isGoalRealistic\":false,\"lossThreshold\":39000,\"meetGoalPriority\":false,\"meetLossPriority\":false,\"message\":\"This goal is unrealistic. Please modify the goal parameters to improve goal probability and receive top-up recommendations.\",\"monthlyTopUpAccumulation\":0,\"monthlyTopUpDecumulation\":0,\"oneTimeTopUp\":0,\"pDeltaCurrentGoalProbability\":0,\"pDeltaCurrentLossThresholdProbability\":0,\"recommendedPortfolioId\":8,\"recommendedTenure\":\"NA\",\"yearlyTopUpAccumulation\":0,\"yearlyTopUpDecumulation\":0},\"pathReport\":{\"portfolioPath\":[8,8,8,8,8,8,8],\"wealthPath\":[10000,10104.956052904525,10211.013683113226,10318.184452346619,10426.480043672562,10535.912262779757,10646.49303926476,8730.767476203988]}}}]",
    "formFields": "[{\"id\":1,\"data\":{\"goalType\":\"Generate Income\",\"portfolio\":{\"portfolioId\":1,\"assets\":[{\"type\":\"Equity\",\"totalAllocatedvalue\":60,\"subAssets\":[{\"subAssetClass\":\"US Equities\",\"ticker\":\"FLQL\",\"tickerName\":\"Franklin LibertyQ US Equity\",\"allocatedValue\":27.9,\"tickerLink\":\"https://www.franklintempleton.com/investor/investments-and-solutions/investment-options/etfs/overview/25773/franklin-libertyq-us-equity-etf/FLQL\"},{\"subAssetClass\":\"US Small Cap Equities\",\"ticker\":\"VB\",\"tickerName\":\"Vanguard Small Cap\",\"allocatedValue\":3.2,\"tickerLink\":\"https://www.etf.com/VB\"},{\"subAssetClass\":\"EAFE Equities\",\"ticker\":\"IEFA\",\"tickerName\":\"iShares Core MSCI EAFE\",\"allocatedValue\":20.9,\"tickerLink\":\"https://www.etf.com/IEFA\"},{\"subAssetClass\":\"EM Equities\",\"ticker\":\"FLQE\",\"tickerName\":\"Franklin LibertyQ Emerging Markets\",\"allocatedValue\":6.3,\"tickerLink\":\"https://www.franklintempleton.com/investor/investments-and-solutions/investment-options/etfs/overview/21413/franklin-libertyq-emerging-markets-etf/FLQE\"},{\"subAssetClass\":\"REITS\",\"ticker\":\"VNQ\",\"tickerName\":\"Vanguard Real Estate\",\"allocatedValue\":2,\"tickerLink\":\"https://www.etf.com/VNQ\"}]},{\"type\":\"Fixed Income\",\"totalAllocatedvalue\":40,\"subAssets\":[{\"subAssetClass\":\"US Treasury\",\"ticker\":\"FTSD\",\"tickerName\":\"Franklin Liberty Short Duration US Govt\",\"allocatedValue\":14.8,\"tickerLink\":\"https://www.franklintempleton.com/investor/investments-and-solutions/investment-options/etfs/overview/18000/franklin-liberty-short-duration-u-s-government-etf/FTSD\"},{\"subAssetClass\":\"US Corp\",\"ticker\":\"FLCO\",\"tickerName\":\"Franklin Liberty Investment Grade Corporate \",\"allocatedValue\":14.5,\"tickerLink\":\"https://www.franklintempleton.com/investor/investments-and-solutions/investment-options/etfs/overview/21558/franklin-liberty-investment-grade-corporate-etf/FLCO\"},{\"subAssetClass\":\"US HY\",\"ticker\":\"FLHY\",\"tickerName\":\"Franklin Liberty High Yield Corporate \",\"allocatedValue\":0.5,\"tickerLink\":\"https://www.franklintempleton.com/investor/investments-and-solutions/investment-options/etfs/overview/26729/franklin-liberty-high-yield-corporate-etf/FLHY\"},{\"subAssetClass\":\"US Muni\",\"ticker\":\"MUB\",\"tickerName\":\"iShares National Muni Bond\",\"allocatedValue\":8.5,\"tickerLink\":\"https://www.ishares.com/us/products/239766/ishares-national-amtfree-muni-bond-etf\"},{\"subAssetClass\":\"EM Bonds\",\"ticker\":\"EMB\",\"tickerName\":\"iShares JP Morgan Emerging Mkts Bond\",\"allocatedValue\":1.5,\"tickerLink\":\"https://www.ishares.com/us/products/239572/ishares-jp-morgan-usd-emerging-markets-bond-etf\"}]}]},\"goalName\":\"Kumar Income Generation Plan\",\"initialInvestment\":10000,\"scheduledWithdrawlAmount\":2000,\"withdrawalFrequency\":\"Annually\",\"withdrawalStartingOnMonth\":1,\"withdrawalStartingOnYear\":2028,\"withdrawalPeriod\":2,\"bequest\":\"true\",\"goalAmount\":0,\"endDate\":\"01-01-2029\",\"startDate\":\"19-10-2022\",\"goalPriorityValue\":4,\"goalPriority\":\"Need\",\"riskProfile\":\"Conservative\"}}, {\"id\":2,\"data\":{\"goalType\":\"Generate Income\",\"portfolio\":{\"portfolioId\":4,\"assets\":[{\"type\":\"Equity\",\"totalAllocatedvalue\":60,\"subAssets\":[{\"subAssetClass\":\"US Equities\",\"ticker\":\"FLQL\",\"tickerName\":\"Franklin LibertyQ US Equity\",\"allocatedValue\":27.9,\"tickerLink\":\"https://www.franklintempleton.com/investor/investments-and-solutions/investment-options/etfs/overview/25773/franklin-libertyq-us-equity-etf/FLQL\"},{\"subAssetClass\":\"US Small Cap Equities\",\"ticker\":\"VB\",\"tickerName\":\"Vanguard Small Cap\",\"allocatedValue\":3.2,\"tickerLink\":\"https://www.etf.com/VB\"},{\"subAssetClass\":\"EAFE Equities\",\"ticker\":\"IEFA\",\"tickerName\":\"iShares Core MSCI EAFE\",\"allocatedValue\":20.9,\"tickerLink\":\"https://www.etf.com/IEFA\"},{\"subAssetClass\":\"EM Equities\",\"ticker\":\"FLQE\",\"tickerName\":\"Franklin LibertyQ Emerging Markets\",\"allocatedValue\":6.3,\"tickerLink\":\"https://www.franklintempleton.com/investor/investments-and-solutions/investment-options/etfs/overview/21413/franklin-libertyq-emerging-markets-etf/FLQE\"},{\"subAssetClass\":\"REITS\",\"ticker\":\"VNQ\",\"tickerName\":\"Vanguard Real Estate\",\"allocatedValue\":2,\"tickerLink\":\"https://www.etf.com/VNQ\"}]},{\"type\":\"Fixed Income\",\"totalAllocatedvalue\":40,\"subAssets\":[{\"subAssetClass\":\"US Treasury\",\"ticker\":\"FTSD\",\"tickerName\":\"Franklin Liberty Short Duration US Govt\",\"allocatedValue\":14.8,\"tickerLink\":\"https://www.franklintempleton.com/investor/investments-and-solutions/investment-options/etfs/overview/18000/franklin-liberty-short-duration-u-s-government-etf/FTSD\"},{\"subAssetClass\":\"US Corp\",\"ticker\":\"FLCO\",\"tickerName\":\"Franklin Liberty Investment Grade Corporate \",\"allocatedValue\":14.5,\"tickerLink\":\"https://www.franklintempleton.com/investor/investments-and-solutions/investment-options/etfs/overview/21558/franklin-liberty-investment-grade-corporate-etf/FLCO\"},{\"subAssetClass\":\"US HY\",\"ticker\":\"FLHY\",\"tickerName\":\"Franklin Liberty High Yield Corporate \",\"allocatedValue\":0.5,\"tickerLink\":\"https://www.franklintempleton.com/investor/investments-and-solutions/investment-options/etfs/overview/26729/franklin-liberty-high-yield-corporate-etf/FLHY\"},{\"subAssetClass\":\"US Muni\",\"ticker\":\"MUB\",\"tickerName\":\"iShares National Muni Bond\",\"allocatedValue\":8.5,\"tickerLink\":\"https://www.ishares.com/us/products/239766/ishares-national-amtfree-muni-bond-etf\"},{\"subAssetClass\":\"EM Bonds\",\"ticker\":\"EMB\",\"tickerName\":\"iShares JP Morgan Emerging Mkts Bond\",\"allocatedValue\":1.5,\"tickerLink\":\"https://www.ishares.com/us/products/239572/ishares-jp-morgan-usd-emerging-markets-bond-etf\"}]}]},\"goalName\":\"Dhanush's Generate Income Plan\",\"initialInvestment\":344000,\"scheduledWithdrawlAmount\":23400,\"withdrawalFrequency\":\"Annually\",\"withdrawalStartingOnMonth\":1,\"withdrawalStartingOnYear\":2028,\"withdrawalPeriod\":2,\"bequest\":\"true\",\"goalAmount\":45800,\"endDate\":\"01-01-2029\",\"startDate\":\"30-10-2022\",\"goalPriorityValue\":4,\"goalPriority\":\"Want\",\"riskProfile\":\"Conservative\"}}]",
    "createdDate": {
      "nano": 604358000,
      "year": 2022,
      "monthValue": 6,
      "dayOfMonth": 1,
      "hour": 10,
      "minute": 47,
      "second": 29,
      "month": "JUNE",
      "dayOfWeek": "WEDNESDAY",
      "dayOfYear": 152,
      "chronology": {
        "calendarType": "iso8601",
        "id": "ISO"
      }
    },
    "createdBy": "testuser@franklintempleton.com",
    "updatedDate": null,
    "updatedBy": null
  },
  {
    "id": "Client 2",
    "advisorName": "Dhanush",
    "managerName": "Nikolai",
    "apiName": "",
    "apiVer": "v3",
    "investorName": "Bruce Banner",
    "clientFirstName": "Bruce",
    "clientLastName": "Banner",
    "clientEmail": "user@test.com",
    "riskProfile": "Moderate",
    "proposalName": "goal_1",
    "iwsApplied": false,
    "isMultiGoal": false,
    "proposalDate": "06-01-2022",
    "request": "[{\"id\":1,\"data\":{\"goalType\":\"Generate Income\",\"annualDistribution\":{\"amount\":[0,25000,25000,25000,25000,25625,25625,25625,25625,26266,26266,26266,26266,26923,26923,26923,26923,27596,27596,40000,40000,40000,40000,40000,40000,40000,40000,40000,40000,40000,40000,40000,40000,40000,40000,40000,40000,40000,40000],\"years\":[2022,2023,2024,2025,2026,2027,2028,2029,2030,2031,2032,2033,2034,2035,2036,2037,2038,2039,2040,2041,2042,2043,2044,2045,2046,2047,2048,2049,2050,2051,2052,2053,2054,2055,2056,2057,2058,2059,2060]},\"goalName\":\"Kumar Income Generation Plan\",\"initialInvestment\":10000,\"scheduledWithdrawlAmount\":2000,\"withdrawlFrequency\":\"Annually\",\"withdrawlStartingOnMonth\":1,\"withdrawlStartingOnYear\":2028,\"withdrawlPeriod\":2,\"bequest\":\"true\",\"targetBequest\":78000,\"endDate\":\"01-01-2029\",\"startDate\":\"19-10-2022\",\"goalPriorityValue\":4,\"goalPriority\":\"Need\",\"riskProfile\":\"Conservative\"}},{\"id\":2,\"data\":{\"goalType\":\"Generate Income\",\"annualDistribution\":{\"amount\":[0,25000,25000,25000,25000,25625,25625,25625,25625,26266,26266,26266,26266,26923,26923,26923,26923,27596,27596,40000,40000,40000,40000,40000,40000,40000,40000,40000,40000,40000,40000,40000,40000,40000,40000,40000,40000,40000,40000],\"years\":[2022,2023,2024,2025,2026,2027,2028,2029,2030,2031,2032,2033,2034,2035,2036,2037,2038,2039,2040,2041,2042,2043,2044,2045,2046,2047,2048,2049,2050,2051,2052,2053,2054,2055,2056,2057,2058,2059,2060]},\"goalName\":\"Dhanush's Generate Income Plan\",\"initialInvestment\":10000,\"scheduledWithdrawlAmount\":2000,\"withdrawlFrequency\":\"Annually\",\"withdrawlStartingOnMonth\":1,\"withdrawlStartingOnYear\":2028,\"withdrawlPeriod\":2,\"bequest\":\"true\",\"targetBequest\":78000,\"endDate\":\"01-01-2029\",\"startDate\":\"19-10-2022\",\"goalPriorityValue\":4,\"goalPriority\":\"Need\",\"riskProfile\":\"Conservative\"}}]",
    "response": "[{\"id\":1,\"data\":{\"analysisReport\":{\"advisorDiscretionReport\":{\"8\":0},\"bankruptcyMsg\":\"NA\",\"currentGoalProbability\":0.79,\"currentLossThresholdProbability\":0,\"isGoalRealistic\":false,\"lossThreshold\":39000,\"meetGoalPriority\":false,\"meetLossPriority\":false,\"message\":\"This goal is unrealistic. Please modify the goal parameters to improve goal probability and receive top-up recommendations.\",\"monthlyTopUpAccumulation\":0,\"monthlyTopUpDecumulation\":0,\"oneTimeTopUp\":0,\"pDeltaCurrentGoalProbability\":0,\"pDeltaCurrentLossThresholdProbability\":0,\"recommendedPortfolioId\":8,\"recommendedTenure\":\"NA\",\"yearlyTopUpAccumulation\":0,\"yearlyTopUpDecumulation\":0},\"pathReport\":{\"portfolioPath\":[4,8,8,8,8,8,8],\"wealthPath\":[10000,10104.956052904525,10211.013683113226,10318.184452346619,10426.480043672562,10535.912262779757,10646.49303926476,8730.767476203988]}}},{\"id\":1,\"data\":{\"analysisReport\":{\"advisorDiscretionReport\":{\"8\":0},\"bankruptcyMsg\":\"NA\",\"currentGoalProbability\":0.99,\"currentLossThresholdProbability\":0,\"isGoalRealistic\":false,\"lossThreshold\":39000,\"meetGoalPriority\":false,\"meetLossPriority\":false,\"message\":\"This goal is unrealistic. Please modify the goal parameters to improve goal probability and receive top-up recommendations.\",\"monthlyTopUpAccumulation\":0,\"monthlyTopUpDecumulation\":0,\"oneTimeTopUp\":0,\"pDeltaCurrentGoalProbability\":0,\"pDeltaCurrentLossThresholdProbability\":0,\"recommendedPortfolioId\":8,\"recommendedTenure\":\"NA\",\"yearlyTopUpAccumulation\":0,\"yearlyTopUpDecumulation\":0},\"pathReport\":{\"portfolioPath\":[8,8,8,8,8,8,8],\"wealthPath\":[10000,10104.956052904525,10211.013683113226,10318.184452346619,10426.480043672562,10535.912262779757,10646.49303926476,8730.767476203988]}}}]",
    "formFields": "[{\"id\":1,\"data\":{\"goalType\":\"Generate Income\",\"portfolio\":{\"portfolioId\":1,\"assets\":[{\"type\":\"Equity\",\"totalAllocatedvalue\":60,\"subAssets\":[{\"subAssetClass\":\"US Equities\",\"ticker\":\"FLQL\",\"tickerName\":\"Franklin LibertyQ US Equity\",\"allocatedValue\":27.9,\"tickerLink\":\"https://www.franklintempleton.com/investor/investments-and-solutions/investment-options/etfs/overview/25773/franklin-libertyq-us-equity-etf/FLQL\"},{\"subAssetClass\":\"US Small Cap Equities\",\"ticker\":\"VB\",\"tickerName\":\"Vanguard Small Cap\",\"allocatedValue\":3.2,\"tickerLink\":\"https://www.etf.com/VB\"},{\"subAssetClass\":\"EAFE Equities\",\"ticker\":\"IEFA\",\"tickerName\":\"iShares Core MSCI EAFE\",\"allocatedValue\":20.9,\"tickerLink\":\"https://www.etf.com/IEFA\"},{\"subAssetClass\":\"EM Equities\",\"ticker\":\"FLQE\",\"tickerName\":\"Franklin LibertyQ Emerging Markets\",\"allocatedValue\":6.3,\"tickerLink\":\"https://www.franklintempleton.com/investor/investments-and-solutions/investment-options/etfs/overview/21413/franklin-libertyq-emerging-markets-etf/FLQE\"},{\"subAssetClass\":\"REITS\",\"ticker\":\"VNQ\",\"tickerName\":\"Vanguard Real Estate\",\"allocatedValue\":2,\"tickerLink\":\"https://www.etf.com/VNQ\"}]},{\"type\":\"Fixed Income\",\"totalAllocatedvalue\":40,\"subAssets\":[{\"subAssetClass\":\"US Treasury\",\"ticker\":\"FTSD\",\"tickerName\":\"Franklin Liberty Short Duration US Govt\",\"allocatedValue\":14.8,\"tickerLink\":\"https://www.franklintempleton.com/investor/investments-and-solutions/investment-options/etfs/overview/18000/franklin-liberty-short-duration-u-s-government-etf/FTSD\"},{\"subAssetClass\":\"US Corp\",\"ticker\":\"FLCO\",\"tickerName\":\"Franklin Liberty Investment Grade Corporate \",\"allocatedValue\":14.5,\"tickerLink\":\"https://www.franklintempleton.com/investor/investments-and-solutions/investment-options/etfs/overview/21558/franklin-liberty-investment-grade-corporate-etf/FLCO\"},{\"subAssetClass\":\"US HY\",\"ticker\":\"FLHY\",\"tickerName\":\"Franklin Liberty High Yield Corporate \",\"allocatedValue\":0.5,\"tickerLink\":\"https://www.franklintempleton.com/investor/investments-and-solutions/investment-options/etfs/overview/26729/franklin-liberty-high-yield-corporate-etf/FLHY\"},{\"subAssetClass\":\"US Muni\",\"ticker\":\"MUB\",\"tickerName\":\"iShares National Muni Bond\",\"allocatedValue\":8.5,\"tickerLink\":\"https://www.ishares.com/us/products/239766/ishares-national-amtfree-muni-bond-etf\"},{\"subAssetClass\":\"EM Bonds\",\"ticker\":\"EMB\",\"tickerName\":\"iShares JP Morgan Emerging Mkts Bond\",\"allocatedValue\":1.5,\"tickerLink\":\"https://www.ishares.com/us/products/239572/ishares-jp-morgan-usd-emerging-markets-bond-etf\"}]}]},\"goalName\":\"Banner Income Generation Plan\",\"initialInvestment\":10000,\"scheduledWithdrawlAmount\":2000,\"withdrawalFrequency\":\"Annually\",\"withdrawalStartingOnMonth\":1,\"withdrawalStartingOnYear\":2028,\"withdrawalPeriod\":2,\"bequest\":\"true\",\"goalAmount\":78000,\"endDate\":\"01-01-2029\",\"startDate\":\"19-10-2022\",\"goalPriorityValue\":4,\"goalPriority\":\"Need\",\"riskProfile\":\"Conservative\"}}, {\"id\":2,\"data\":{\"goalType\":\"Generate Income\",\"portfolio\":{\"portfolioId\":4,\"assets\":[{\"type\":\"Equity\",\"totalAllocatedvalue\":60,\"subAssets\":[{\"subAssetClass\":\"US Equities\",\"ticker\":\"FLQL\",\"tickerName\":\"Franklin LibertyQ US Equity\",\"allocatedValue\":27.9,\"tickerLink\":\"https://www.franklintempleton.com/investor/investments-and-solutions/investment-options/etfs/overview/25773/franklin-libertyq-us-equity-etf/FLQL\"},{\"subAssetClass\":\"US Small Cap Equities\",\"ticker\":\"VB\",\"tickerName\":\"Vanguard Small Cap\",\"allocatedValue\":3.2,\"tickerLink\":\"https://www.etf.com/VB\"},{\"subAssetClass\":\"EAFE Equities\",\"ticker\":\"IEFA\",\"tickerName\":\"iShares Core MSCI EAFE\",\"allocatedValue\":20.9,\"tickerLink\":\"https://www.etf.com/IEFA\"},{\"subAssetClass\":\"EM Equities\",\"ticker\":\"FLQE\",\"tickerName\":\"Franklin LibertyQ Emerging Markets\",\"allocatedValue\":6.3,\"tickerLink\":\"https://www.franklintempleton.com/investor/investments-and-solutions/investment-options/etfs/overview/21413/franklin-libertyq-emerging-markets-etf/FLQE\"},{\"subAssetClass\":\"REITS\",\"ticker\":\"VNQ\",\"tickerName\":\"Vanguard Real Estate\",\"allocatedValue\":2,\"tickerLink\":\"https://www.etf.com/VNQ\"}]},{\"type\":\"Fixed Income\",\"totalAllocatedvalue\":40,\"subAssets\":[{\"subAssetClass\":\"US Treasury\",\"ticker\":\"FTSD\",\"tickerName\":\"Franklin Liberty Short Duration US Govt\",\"allocatedValue\":14.8,\"tickerLink\":\"https://www.franklintempleton.com/investor/investments-and-solutions/investment-options/etfs/overview/18000/franklin-liberty-short-duration-u-s-government-etf/FTSD\"},{\"subAssetClass\":\"US Corp\",\"ticker\":\"FLCO\",\"tickerName\":\"Franklin Liberty Investment Grade Corporate \",\"allocatedValue\":14.5,\"tickerLink\":\"https://www.franklintempleton.com/investor/investments-and-solutions/investment-options/etfs/overview/21558/franklin-liberty-investment-grade-corporate-etf/FLCO\"},{\"subAssetClass\":\"US HY\",\"ticker\":\"FLHY\",\"tickerName\":\"Franklin Liberty High Yield Corporate \",\"allocatedValue\":0.5,\"tickerLink\":\"https://www.franklintempleton.com/investor/investments-and-solutions/investment-options/etfs/overview/26729/franklin-liberty-high-yield-corporate-etf/FLHY\"},{\"subAssetClass\":\"US Muni\",\"ticker\":\"MUB\",\"tickerName\":\"iShares National Muni Bond\",\"allocatedValue\":8.5,\"tickerLink\":\"https://www.ishares.com/us/products/239766/ishares-national-amtfree-muni-bond-etf\"},{\"subAssetClass\":\"EM Bonds\",\"ticker\":\"EMB\",\"tickerName\":\"iShares JP Morgan Emerging Mkts Bond\",\"allocatedValue\":1.5,\"tickerLink\":\"https://www.ishares.com/us/products/239572/ishares-jp-morgan-usd-emerging-markets-bond-etf\"}]}]},\"goalName\":\"Bruce's Generate Income Plan\",\"initialInvestment\":344000,\"scheduledWithdrawlAmount\":23400,\"withdrawalFrequency\":\"Annually\",\"withdrawalStartingOnMonth\":1,\"withdrawalStartingOnYear\":2028,\"withdrawalPeriod\":2,\"bequest\":\"true\",\"goalAmount\":23000,\"endDate\":\"01-01-2029\",\"startDate\":\"30-10-2022\",\"goalPriorityValue\":4,\"goalPriority\":\"Want\",\"riskProfile\":\"Conservative\"}}]",
    "createdDate": {
      "nano": 604358000,
      "year": 2022,
      "monthValue": 6,
      "dayOfMonth": 1,
      "hour": 10,
      "minute": 47,
      "second": 29,
      "month": "JUNE",
      "dayOfWeek": "WEDNESDAY",
      "dayOfYear": 152,
      "chronology": {
        "calendarType": "iso8601",
        "id": "ISO"
      }
    },
    "createdBy": "testuser@franklintempleton.com",
    "updatedDate": null,
    "updatedBy": null
  },
  {
    "id": "Client 3",
    "advisorName": "Dharma",
    "managerName": "Nikolai",
    "apiName": "",
    "apiVer": "v3",
    "investorName": "Thor Odin",
    "clientFirstName": "Black",
    "clientLastName": "Adam",
    "clientEmail": "blackadam@test.com",
    "riskProfile": "Moderate",
    "proposalName": "goal_1",
    "iwsApplied": false,
    "isMultiGoal": false,
    "proposalDate": "06-01-2022",
    "request": "[]",
    "response": "[]",
    "formFields": "[]",
    "createdDate": {
      "nano": 604358000,
      "year": 2022,
      "monthValue": 6,
      "dayOfMonth": 1,
      "hour": 10,
      "minute": 47,
      "second": 29,
      "month": "JUNE",
      "dayOfWeek": "WEDNESDAY",
      "dayOfYear": 152,
      "chronology": {
        "calendarType": "iso8601",
        "id": "ISO"
      }
    },
    "createdBy": "testuser@franklintempleton.com",
    "updatedDate": null,
    "updatedBy": null
  }
]
