[
  {
    "lastModified": "14-11-2022",
    "clientFirstName": "John",
    "clientLastName": "Doe",
    "advisorName": "Jiren",
    "clientEmail": "john_doe@franklintempleton.com",
    "goals": "3",
    "portfolioValue": "300000"
  },
  {
    "lastModified": "14-11-2022",
    "clientFirstName": "Jason",
    "clientLastName": "Smith",
    "advisorName": "Jiren",
    "clientEmail": "jason_smith@franklintempleton.com",
    "goals": "10",
    "portfolioValue": "20000"
  },
  {
    "lastModified": "14-11-2022",
    "clientFirstName": "Adam",
    "clientLastName": "Mockau",
    "advisorName": "Advisor",
    "clientEmail": "adam_mockau@franklintempleton.com",
    "goals": "12",
    "portfolioValue": "324342"
  },
  {
    "lastModified": "14-11-2022",
    "clientFirstName": "Brinda",
    "clientLastName": "Kalisberg",
    "advisorName": "Vegeta",
    "clientEmail": "brinda_kalisberg@franklintempleton.com",
    "goals": "1",
    "portfolioValue": "65453"
  },
  {
    "lastModified": "14-11-2022",
    "clientFirstName": "Gallelio",
    "clientLastName": "Kindle",
    "advisorName": "Vegeta",
    "clientEmail": "gallelio_kindle@franklintempleton.com",
    "goals": "5",
    "portfolioValue": "15555"
  },
  {
    "lastModified": "14-11-2022",
    "clientFirstName": "Steve",
    "clientLastName": "Vision",
    "advisorName": "Vegeta",
    "clientEmail": "steve_vision@franklintempleton.com",
    "goals": "4",
    "portfolioValue": "20000"
  },
  {
    "lastModified": "14-11-2022",
    "clientFirstName": "Garry",
    "clientLastName": "Olson",
    "advisorName": "Vegeta",
    "clientEmail": "garry_olson@franklintempleton.com",
    "goals": "17",
    "portfolioValue": "78000"
  },
  {
    "lastModified": "14-11-2022",
    "clientFirstName": "Ken",
    "clientLastName": "Smith",
    "advisorName": "Vegeta",
    "clientEmail": "ken_smith@franklintempleton.com",
    "goals": "23",
    "portfolioValue": "23000"
  },
  {
    "lastModified": "14-11-2022",
    "clientFirstName": "Ron",
    "clientLastName": "Ronalds",
    "advisorName": "Vegeta",
    "clientEmail": "ron_ronalds@franklintempleton.com",
    "goals": "12",
    "portfolioValue": "120000"
  },
  {
    "lastModified": "14-11-2022",
    "clientFirstName": "Micheal",
    "clientLastName": "Jackson",
    "advisorName": "Vegeta",
    "clientEmail": "micheal_jackson@franklintempleton.com",
    "goals": "9",
    "portfolioValue": "45000"
  },
  {
    "lastModified": "14-11-2022",
    "clientFirstName": "Thomas",
    "clientLastName": "Edison",
    "advisorName": "Vegeta",
    "clientEmail": "thomas_edison@franklintempleton.com",
    "goals": "1",
    "portfolioValue": "12390"
  },
  {
    "lastModified": "14-11-2022",
    "clientFirstName": "Remo",
    "clientLastName": "Destino",
    "advisorName": "Vegeta",
    "clientEmail": "remo_destino@franklintempleton.com",
    "goals": "3",
    "portfolioValue": "45000"
  },
  {
    "lastModified": "14-11-2022",
    "clientFirstName": "Micheal",
    "clientLastName": "Rodregus",
    "advisorName": "Goky",
    "clientEmail": "micheal_rodregus@franklintempleton.com",
    "goals": "34",
    "portfolioValue": "3400"
  },
  {
    "lastModified": "14-11-2022",
    "clientFirstName": "Franklin",
    "clientLastName": "Josua",
    "advisorName": "Goky",
    "clientEmail": "franklin_josua@franklintempleton.com",
    "goals": "6",
    "portfolioValue": "1900"
  },
  {
    "lastModified": "14-11-2022",
    "clientFirstName": "John",
    "clientLastName": "Doe",
    "advisorName": "Jiren",
    "clientEmail": "john_doe@franklintempleton.com",
    "goals": "3",
    "portfolioValue": "300000"
  },
  {
    "lastModified": "14-11-2022",
    "clientFirstName": "Jason",
    "clientLastName": "Smith",
    "advisorName": "Jiren",
    "clientEmail": "jason_smith@franklintempleton.com",
    "goals": "10",
    "portfolioValue": "20000"
  },
  {
    "lastModified": "14-11-2022",
    "clientFirstName": "Adam",
    "clientLastName": "Mockau",
    "advisorName": "Advisor",
    "clientEmail": "adam_mockau@franklintempleton.com",
    "goals": "12",
    "portfolioValue": "324342"
  },
  {
    "lastModified": "14-11-2022",
    "clientFirstName": "Brinda",
    "clientLastName": "Kalisberg",
    "advisorName": "Vegeta",
    "clientEmail": "brinda_kalisberg@franklintempleton.com",
    "goals": "1",
    "portfolioValue": "65453"
  },
  {
    "lastModified": "14-11-2022",
    "clientFirstName": "Gallelio",
    "clientLastName": "Kindle",
    "advisorName": "Vegeta",
    "clientEmail": "gallelio_kindle@franklintempleton.com",
    "goals": "5",
    "portfolioValue": "15555"
  },
  {
    "lastModified": "14-11-2022",
    "clientFirstName": "Steve",
    "clientLastName": "Vision",
    "advisorName": "Vegeta",
    "clientEmail": "steve_vision@franklintempleton.com",
    "goals": "4",
    "portfolioValue": "20000"
  },
  {
    "lastModified": "14-11-2022",
    "clientFirstName": "Garry",
    "clientLastName": "Olson",
    "advisorName": "Vegeta",
    "clientEmail": "garry_olson@franklintempleton.com",
    "goals": "17",
    "portfolioValue": "78000"
  },
  {
    "lastModified": "14-11-2022",
    "clientFirstName": "Ken",
    "clientLastName": "Smith",
    "advisorName": "Vegeta",
    "clientEmail": "ken_smith@franklintempleton.com",
    "goals": "23",
    "portfolioValue": "23000"
  },
  {
    "lastModified": "14-11-2022",
    "clientFirstName": "Ron",
    "clientLastName": "Ronalds",
    "advisorName": "Vegeta",
    "clientEmail": "ron_ronalds@franklintempleton.com",
    "goals": "12",
    "portfolioValue": "120000"
  },
  {
    "lastModified": "14-11-2022",
    "clientFirstName": "Micheal",
    "clientLastName": "Jackson",
    "advisorName": "Vegeta",
    "clientEmail": "micheal_jackson@franklintempleton.com",
    "goals": "9",
    "portfolioValue": "45000"
  },
  {
    "lastModified": "14-11-2022",
    "clientFirstName": "Thomas",
    "clientLastName": "Edison",
    "advisorName": "Vegeta",
    "clientEmail": "thomas_edison@franklintempleton.com",
    "goals": "1",
    "portfolioValue": "12390"
  },
  {
    "lastModified": "14-11-2022",
    "clientFirstName": "Remo",
    "clientLastName": "Destino",
    "advisorName": "Vegeta",
    "clientEmail": "remo_destino@franklintempleton.com",
    "goals": "3",
    "portfolioValue": "45000"
  },
  {
    "lastModified": "14-11-2022",
    "clientFirstName": "Micheal",
    "clientLastName": "Rodregus",
    "advisorName": "Goky",
    "clientEmail": "micheal_rodregus@franklintempleton.com",
    "goals": "34",
    "portfolioValue": "3400"
  },
  {
    "lastModified": "14-11-2022",
    "clientFirstName": "Franklin",
    "clientLastName": "Josua",
    "advisorName": "Goky",
    "clientEmail": "franklin_josua@franklintempleton.com",
    "goals": "6",
    "portfolioValue": "1900"
  },
  {
    "lastModified": "14-11-2022",
    "clientFirstName": "John",
    "clientLastName": "Doe",
    "advisorName": "Jiren",
    "clientEmail": "john_doe@franklintempleton.com",
    "goals": "3",
    "portfolioValue": "300000"
  },
  {
    "lastModified": "14-11-2022",
    "clientFirstName": "Jason",
    "clientLastName": "Smith",
    "advisorName": "Jiren",
    "clientEmail": "jason_smith@franklintempleton.com",
    "goals": "10",
    "portfolioValue": "20000"
  },
  {
    "lastModified": "14-11-2022",
    "clientFirstName": "Adam",
    "clientLastName": "Mockau",
    "advisorName": "Advisor",
    "clientEmail": "adam_mockau@franklintempleton.com",
    "goals": "12",
    "portfolioValue": "324342"
  },
  {
    "lastModified": "14-11-2022",
    "clientFirstName": "Brinda",
    "clientLastName": "Kalisberg",
    "advisorName": "Vegeta",
    "clientEmail": "brinda_kalisberg@franklintempleton.com",
    "goals": "1",
    "portfolioValue": "65453"
  },
  {
    "lastModified": "14-11-2022",
    "clientFirstName": "Gallelio",
    "clientLastName": "Kindle",
    "advisorName": "Vegeta",
    "clientEmail": "gallelio_kindle@franklintempleton.com",
    "goals": "5",
    "portfolioValue": "15555"
  },
  {
    "lastModified": "14-11-2022",
    "clientFirstName": "Steve",
    "clientLastName": "Vision",
    "advisorName": "Vegeta",
    "clientEmail": "steve_vision@franklintempleton.com",
    "goals": "4",
    "portfolioValue": "20000"
  },
  {
    "lastModified": "14-11-2022",
    "clientFirstName": "Garry",
    "clientLastName": "Olson",
    "advisorName": "Vegeta",
    "clientEmail": "garry_olson@franklintempleton.com",
    "goals": "17",
    "portfolioValue": "78000"
  },
  {
    "lastModified": "14-11-2022",
    "clientFirstName": "Ken",
    "clientLastName": "Smith",
    "advisorName": "Vegeta",
    "clientEmail": "ken_smith@franklintempleton.com",
    "goals": "23",
    "portfolioValue": "23000"
  },
  {
    "lastModified": "14-11-2022",
    "clientFirstName": "Ron",
    "clientLastName": "Ronalds",
    "advisorName": "Vegeta",
    "clientEmail": "ron_ronalds@franklintempleton.com",
    "goals": "12",
    "portfolioValue": "120000"
  },
  {
    "lastModified": "14-11-2022",
    "clientFirstName": "Micheal",
    "clientLastName": "Jackson",
    "advisorName": "Vegeta",
    "clientEmail": "micheal_jackson@franklintempleton.com",
    "goals": "9",
    "portfolioValue": "45000"
  },
  {
    "lastModified": "14-11-2022",
    "clientFirstName": "Thomas",
    "clientLastName": "Edison",
    "advisorName": "Vegeta",
    "clientEmail": "thomas_edison@franklintempleton.com",
    "goals": "1",
    "portfolioValue": "12390"
  },
  {
    "lastModified": "14-11-2022",
    "clientFirstName": "Remo",
    "clientLastName": "Destino",
    "advisorName": "Vegeta",
    "clientEmail": "remo_destino@franklintempleton.com",
    "goals": "3",
    "portfolioValue": "45000"
  },
  {
    "lastModified": "14-11-2022",
    "clientFirstName": "Micheal",
    "clientLastName": "Rodregus",
    "advisorName": "Goky",
    "clientEmail": "micheal_rodregus@franklintempleton.com",
    "goals": "34",
    "portfolioValue": "3400"
  },
  {
    "lastModified": "14-11-2022",
    "clientFirstName": "Franklin",
    "clientLastName": "Josua",
    "advisorName": "Goky",
    "clientEmail": "franklin_josua@franklintempleton.com",
    "goals": "6",
    "portfolioValue": "1900"
  }
]
