[
  {
    "id": "User 1",
    "firstName": "John",
    "lastName": "Doe",
    "accessLevel": "Super Admin",
    "username": "john_doe@franklintempleton.com",
    "emailAddress": "john_doe@franklintempleton.com",
    "lastLogin": "09/26/2022 05:27pm"
  },
  {
    "id": "User 2",
    "firstName": "Jason",
    "lastName": "Smith",
    "accessLevel": "Super Admin",
    "username": "jason_smith@franklintempleton.com",
    "emailAddress": "jason_smith@franklintempleton.com",
    "lastLogin": "09/25/2022 08:40pm"
  },
  {
    "id": "User 3",
    "firstName": "Adam",
    "lastName": "Mockau",
    "accessLevel": "Advisor",
    "username": "adam_mockau@franklintempleton.com",
    "emailAddress": "adam_mockau@franklintempleton.com",
    "lastLogin": "09/22/2022 10:25am"
  },
  {
    "id": "User 4",
    "firstName": "Brinda",
    "lastName": "Kalisberg",
    "accessLevel": "Advisor",
    "username": "brinda_kalisberg@franklintempleton.com",
    "emailAddress": "brinda_kalisberg@franklintempleton.com",
    "lastLogin": "09/23/2022 10:25am"
  },
  {
    "id": "User 5",
    "firstName": "Gallelio",
    "lastName": "Kindle",
    "accessLevel": "Advisor",
    "username": "gallelio_kindle@franklintempleton.com",
    "emailAddress": "gallelio_kindle@franklintempleton.com",
    "lastLogin": "09/21/2022 11:43am"
  },
  {
    "id": "User 6",
    "firstName": "Steve",
    "lastName": "Vision",
    "accessLevel": "Advisor",
    "username": "steve_vision@franklintempleton.com",
    "emailAddress": "steve_vision@franklintempleton.com",
    "lastLogin": "09/20/2022 12:33pm"
  },
  {
    "id": "User 7",
    "firstName": "Garry",
    "lastName": "Olson",
    "accessLevel": "Advisor",
    "username": "garry_olson@franklintempleton.com",
    "emailAddress": "garry_olson@franklintempleton.com",
    "lastLogin": "09/19/2022 10:25am"
  },
  {
    "id": "User 8",
    "firstName": "Ken",
    "lastName": "Smith",
    "accessLevel": "Advisor",
    "username": "ken_smith@franklintempleton.com",
    "emailAddress": "ken_smith@franklintempleton.com",
    "lastLogin": "09/18/2022 10:25am"
  },
  {
    "id": "User 9",
    "firstName": "Ron",
    "lastName": "Ronalds",
    "accessLevel": "Advisor",
    "username": "ron_ronalds@franklintempleton.com",
    "emailAddress": "ron_ronalds@franklintempleton.com",
    "lastLogin": "09/17/2022 10:25am"
  },
  {
    "id": "User 10",
    "firstName": "Micheal",
    "lastName": "Jackson",
    "accessLevel": "Advisor",
    "username": "micheal_jackson@franklintempleton.com",
    "emailAddress": "micheal_jackson@franklintempleton.com",
    "lastLogin": "09/17/2022 10:25am"
  },
  {
    "id": "User 11",
    "firstName": "Thomas",
    "lastName": "Edison",
    "accessLevel": "Advisor",
    "username": "thomas_edison@franklintempleton.com",
    "emailAddress": "thomas_edison@franklintempleton.com",
    "lastLogin": "09/15/2022 10:25am"
  },
  {
    "id": "User 12",
    "firstName": "Remo",
    "lastName": "Destino",
    "accessLevel": "Advisor",
    "username": "remo_destino@franklintempleton.com",
    "emailAddress": "remo_destino@franklintempleton.com",
    "lastLogin": "09/17/2022 10:25am"
  },
  {
    "id": "User 13",
    "firstName": "Micheal",
    "lastName": "Rodregus",
    "accessLevel": "Advisor",
    "username": "micheal_rodregus@franklintempleton.com",
    "emailAddress": "micheal_rodregus@franklintempleton.com",
    "lastLogin": "09/27/2022 12:37pm"
  },
  {
    "id": "User 14",
    "firstName": "Franklin",
    "lastName": "Josua",
    "accessLevel": "Advisor",
    "username": "franklin_josua@franklintempleton.com",
    "emailAddress": "franklin_josua@franklintempleton.com",
    "lastLogin": "09/27/2022 12:45pm"
  }
]